,att_id,att_name,att_cat,att_price
0,2600,day_trip_from_seattle_to_victoria_on_the_victoria_clipper,luxury_&_special_occasions,170.4
1,2086,whale-watching_tour_from_vancouver,water_sports,138.5
2,2244,day_trip_from_seattle_to_victoria_on_the_victoria_clipper,family_friendly,170.4
3,81,whale-watching_tour_from_vancouver,"cruises,_sailing_&_water_tours",138.5
4,2463,day_trip_from_seattle_to_victoria_on_the_victoria_clipper,shore_excursions,170.4
5,2265,whale-watching_tour_from_vancouver,family_friendly,138.5
6,1771,day_trip_from_seattle_to_victoria_on_the_victoria_clipper,transfers_&_ground_transport,170.41
